ID,PLAYER,POSITION,AGE,ORB,DRB,TRB,AST,STL,BLK,TOV,PF,POINTS,TEAM,GP,MPG,ORPM,DRPM,RPM,SALARY_MILLIONS,cluster
1,Russell Westbrook,PG,28,1.7,9,10.7,10.4,1.6,0.4,5.4,2.3,31.6,OKC,81,34.6,6.74,-0.47,6.27,26.5,3
2,James Harden,PG,27,1.2,7,8.1,11.2,1.5,0.5,5.7,2.7,29.1,HOU,81,36.4,6.38,-1.57,4.81,26.5,3
3,Isaiah Thomas,PG,27,0.6,2.1,2.7,5.9,0.9,0.2,2.8,2.2,28.9,BOS,76,33.8,5.72,-3.89,1.83,6.59,3
4,Anthony Davis,C,23,2.3,9.5,11.8,2.1,1.3,2.2,2.4,2.2,28,NO,75,36.1,0.45,3.9,4.35,22.12,1
5,DeMarcus Cousins,C,26,2.1,8.9,11,4.6,1.4,1.3,3.7,3.9,27,NO/SAC,72,34.2,3.56,0.64,4.2,16.96,1
6,Damian Lillard,PG,26,0.6,4.3,4.9,5.9,0.9,0.3,2.6,2,27,POR,75,35.9,4.63,-1.49,3.14,24.33,3
7,LeBron James,SF,32,1.3,7.3,8.6,8.7,1.2,0.6,4.1,1.8,26.4,CLE,74,37.8,6.49,1.93,8.42,30.96,4
8,Kawhi Leonard,SF,25,1.1,4.7,5.8,3.5,1.8,0.7,2.1,1.6,25.5,SA,74,33.4,5.83,1.25,7.08,17.64,4
9,Stephen Curry,PG,28,0.8,3.7,4.5,6.6,1.8,0.2,3,2.3,25.3,GS,79,33.4,7.27,0.14,7.41,12.11,3
10,Kyrie Irving,PG,24,0.7,2.5,3.2,5.8,1.2,0.3,2.5,2.2,25.2,CLE,72,35.1,4.35,-2.3,2.05,17.64,3
11,Kevin Durant,SF,28,0.6,7.6,8.3,4.8,1.1,1.6,2.2,1.9,25.1,GS,62,33.4,4.41,1.33,5.74,26.5,4
12,Karl-Anthony Towns,C,21,3.6,8.7,12.3,2.7,0.7,1.3,2.6,2.9,25.1,MIN,82,37,3.54,-1.41,2.13,5.96,1
13,Jimmy Butler,SF,27,1.7,4.5,6.2,5.5,1.9,0.4,2.1,1.5,23.9,CHI,76,37,4.82,1.8,6.62,17.55,4
14,Paul George,SF,26,0.8,5.8,6.6,3.3,1.6,0.4,2.9,2.7,23.7,IND,75,35.9,2.67,-0.09,2.58,18.31,4
15,Andrew Wiggins,SF,21,1.2,2.8,4,2.3,1,0.4,2.3,2.2,23.6,MIN,82,37.2,1.56,-3.16,-1.6,6.01,4
16,Kemba Walker,PG,26,0.6,3.3,3.9,5.5,1.1,0.3,2.1,1.5,23.2,CHA,79,34.7,3.93,-1.25,2.68,12,3
17,Bradley Beal,SG,23,0.7,2.4,3.1,3.5,1.1,0.3,2,2.2,23.1,WSH,77,34.9,3.29,-1.04,2.25,22.12,5
18,John Wall,PG,26,0.8,3.4,4.2,10.7,2,0.6,4.1,1.9,23.1,WSH,78,36.4,3.52,-1.26,2.26,16.96,3
19,Giannis Antetokounmpo,SF,22,1.8,7,8.8,5.4,1.6,1.9,2.9,3.1,22.9,MIL,80,35.6,2.35,1.86,4.21,3,4
20,Carmelo Anthony,SF,32,0.8,5.1,5.9,2.9,0.8,0.5,2.1,2.7,22.4,NY,74,34.3,1.87,-1.75,0.12,24.56,4
21,Klay Thompson,SG,26,0.6,3,3.7,2.1,0.8,0.5,1.6,1.8,22.3,GS,78,34,2.78,-0.45,2.33,16.66,5
22,Devin Booker,SG,20,0.6,2.6,3.2,3.4,0.9,0.3,3.1,3.1,22.1,PHX,78,35,1.28,-2.58,-1.3,2.22,5
23,Gordon Hayward,SF,26,0.7,4.7,5.4,3.5,1,0.3,1.9,1.6,21.9,UTAH,73,34.5,3.14,-0.08,3.06,16.07,4
24,Blake Griffin,PF,27,1.8,6.3,8.1,4.9,0.9,0.4,2.3,2.6,21.6,LAC,61,34,3.02,0.76,3.78,20.14,2
25,Eric Bledsoe,PG,27,0.8,4.1,4.8,6.3,1.4,0.5,3.4,2.5,21.1,PHX,66,33,2.33,-0.64,1.69,14,3
26,Mike Conley,PG,29,0.4,3,3.5,6.3,1.3,0.3,2.3,1.8,20.5,MEM,69,33.2,4.67,-0.2,4.47,26.54,3
27,Brook Lopez,C,28,1.6,3.8,5.4,2.3,0.5,1.7,2.5,2.6,20.5,BKN,75,29.6,1.4,0.55,1.95,21.17,1
28,Goran Dragic,PG,30,0.8,3,3.8,5.8,1.2,0.2,2.9,2.7,20.3,MIA,73,33.7,2.54,-1.62,0.92,15.89,3
29,Joel Embiid,C,22,2,5.9,7.8,2.1,0.9,2.5,3.8,3.6,20.2,PHI,31,25.4,-0.57,2.27,1.7,4.83,1
30,Jabari Parker,PF,21,1.5,4.6,6.2,2.8,1,0.4,1.8,2.2,20.1,MIL,51,33.9,0.83,-1.61,-0.78,5.37,2
31,Marc Gasol,C,32,0.8,5.5,6.3,4.6,0.9,1.3,2.2,2.3,19.5,MEM,74,34.2,1.86,0.72,2.58,21.17,1
32,Kevin Love,PF,28,2.5,8.6,11.1,1.9,0.9,0.4,2,2.1,19,CLE,60,31.4,2.77,2.26,5.03,21.17,2
33,Zach LaVine,SG,21,0.4,3,3.4,3,0.9,0.2,1.8,2.2,18.9,MIN,47,37.2,-0.62,-2.35,-2.97,2.24,5
34,Rudy Gay,SF,30,1.2,5.2,6.3,2.8,1.5,0.9,2.5,2.6,18.7,SAC,30,33.8,-0.21,1.96,1.75,13.33,4
35,Dwyane Wade,SG,35,1.1,3.5,4.5,3.8,1.4,0.7,2.3,1.9,18.3,CHI,60,29.9,-0.45,-0.46,-0.91,23.2,5
36,Danilo Gallinari,SF,28,0.6,4.5,5.2,2.1,0.6,0.2,1.3,1.5,18.2,DEN,63,33.9,2.67,0.21,2.88,15.05,4
37,Paul Millsap,PF,31,1.6,6.1,7.7,3.7,1.3,0.9,2.3,2.7,18.1,ATL,69,34,1.23,3.35,4.58,20.07,2
38,Chris Paul,PG,31,0.7,4.3,5,9.2,2,0.1,2.4,2.4,18.1,LAC,61,31.5,5.16,2.76,7.92,22.87,3
39,Kristaps Porzingis,PF,21,1.7,5.5,7.2,1.5,0.7,2,1.8,3.7,18.1,NY,66,32.8,-0.31,1.9,1.59,4.32,2
40,Derrick Rose,PG,28,1,2.8,3.8,4.4,0.7,0.3,2.3,1.3,18,NY,64,32.5,0.11,-2.36,-2.25,21.32,3
41,Dennis Schroder,PG,23,0.5,2.6,3.1,6.3,0.9,0.2,3.3,1.9,17.9,ATL,79,31.5,0.31,-2.76,-2.45,2.71,3
42,LaMarcus Aldridge,PF,31,2.4,4.9,7.3,1.9,0.6,1.2,1.4,2.2,17.3,SA,72,32.4,-0.09,1.05,0.96,20.58,2
43,Evan Fournier,SG,24,0.6,2.4,3.1,3,1,0.1,2.1,2.6,17.2,ORL,68,32.9,0.07,-1.17,-1.1,17,5
44,George Hill,PG,30,0.5,2.9,3.4,4.2,1,0.2,1.7,2.3,16.9,UTAH,49,31.5,2.64,1.11,3.75,8,3
45,Nikola Jokic,C,21,2.9,6.9,9.8,4.9,0.8,0.8,2.3,2.9,16.7,DEN,73,27.9,4.44,2.29,6.73,1.36,1
46,Avery Bradley,SG,26,1.2,4.9,6.1,2.2,1.2,0.2,1.6,2.6,16.3,BOS,55,33.4,-0.44,-1.72,-2.16,8.27,5
47,Eric Gordon,SG,28,0.4,2.3,2.7,2.5,0.6,0.5,1.6,2,16.2,HOU,75,31,1.51,-0.48,1.03,12.39,5
48,Tobias Harris,PF,24,0.8,4.3,5.1,1.7,0.7,0.5,1.2,1.6,16.1,DET,82,31.3,1.19,-0.25,0.94,17.2,2
49,Victor Oladipo,SG,24,0.6,3.8,4.3,2.6,1.2,0.3,1.8,2.3,15.9,OKC,67,33.2,0.1,1.56,1.66,6.55,5
50,Dion Waiters,SG,25,0.4,2.9,3.3,4.3,0.9,0.4,2.2,2.1,15.8,MIA,46,30.1,0.12,-0.07,0.05,2.9,5
51,Wilson Chandler,SF,29,1.5,5,6.5,2,0.7,0.4,1.6,2.4,15.7,DEN,71,30.9,0.3,-1.54,-1.24,11.23,4
52,D'Angelo Russell,PG,20,0.5,3,3.5,4.8,1.4,0.3,2.8,2.1,15.6,LAL,63,28.7,0.75,-2.45,-1.7,5.33,3
53,Jrue Holiday,PG,26,0.7,3.3,3.9,7.3,1.5,0.7,2.9,2,15.4,NO,67,32.7,0.64,1.18,1.82,11.29,3
54,Jeff Teague,PG,28,0.4,3.6,4,7.8,1.2,0.4,2.6,2,15.3,IND,82,32.4,1.86,-0.22,1.64,8.8,3
55,Nicolas Batum,SG,28,0.6,5.6,6.2,5.9,1.1,0.4,2.5,1.4,15.1,CHA,77,34,1.3,-0.35,0.95,20.87,5
56,Gary Harris,SG,22,0.8,2.3,3.1,2.9,1.2,0.1,1.3,1.6,14.9,DEN,57,31.3,2.88,-2.37,0.51,1.66,5
57,Serge Ibaka,PF,27,1.6,5.2,6.8,0.9,0.5,1.6,1.3,2.7,14.8,ORL/TOR,79,30.7,-0.51,1.08,0.57,12.25,2
58,Jordan Clarkson,SG,24,0.6,2.4,3,2.6,1.1,0.1,2,1.8,14.7,LAL,82,29.2,-0.63,-3.39,-4.02,12.5,5
59,Khris Middleton,SF,25,0.4,3.9,4.2,3.4,1.4,0.2,2.2,2.7,14.7,MIL,29,30.7,0.14,1.26,1.4,15.2,4
60,Nikola Vucevic,C,26,2.3,8,10.4,2.8,1,1,1.6,2.4,14.6,ORL,75,28.8,-1.38,2.15,0.77,11.75,1
61,Reggie Jackson,PG,26,0.4,1.8,2.2,5.2,0.7,0.1,2.2,2.5,14.5,DET,52,27.4,-0.59,-2.94,-3.53,14.96,3
62,Jeremy Lin,PG,28,0.3,3.4,3.8,5.1,1.2,0.4,2.4,2.2,14.5,BKN,36,24.5,0.48,-0.03,0.45,11.48,3
63,Myles Turner,C,20,1.7,5.6,7.3,1.3,0.9,2.1,1.3,3.2,14.5,IND,81,31.4,0.09,2.57,2.66,2.46,1
64,Enes Kanter,C,24,2.7,4,6.7,0.9,0.4,0.5,1.7,2.1,14.3,OKC,72,21.3,0.56,-1.24,-0.68,17.15,1
65,Dirk Nowitzki,PF,38,0.4,6.1,6.5,1.5,0.6,0.7,0.9,2.1,14.2,DAL,54,26.4,-0.38,0.64,0.26,25,2
66,Zach Randolph,PF,35,2.5,5.7,8.2,1.7,0.5,0.1,1.4,1.9,14.1,MEM,73,24.5,-0.37,-1.05,-1.42,10.36,2
67,Rudy Gobert,C,24,3.9,8.9,12.8,1.2,0.6,2.6,1.8,3,14,UTAH,81,33.9,0.35,6.02,6.37,2.12,1
68,Al Horford,C,30,1.4,5.4,6.8,5,0.8,1.3,1.7,2,14,BOS,68,32.3,0.76,1.06,1.82,26.54,1
69,Marcus Morris,SF,27,1,3.7,4.6,2,0.7,0.3,1.1,2.1,14,DET,79,32.5,-0.11,0.63,0.52,4.62,4
70,Markieff Morris,PF,27,1.4,5.1,6.5,1.7,1.1,0.6,1.7,3.3,14,WSH,76,31.2,-0.55,2.41,1.86,7.4,2
71,Jae Crowder,SF,26,0.7,5.1,5.8,2.2,1,0.3,1.1,2.2,13.9,BOS,72,32.4,2.2,1.69,3.89,6.29,4
72,Kentavious Caldwell-Pope,SG,23,0.7,2.5,3.3,2.5,1.2,0.2,1.1,1.6,13.8,DET,76,33.3,0.71,-1.31,-0.6,3.68,5
73,Will Barton,SG,26,1,3.4,4.3,3.4,0.8,0.5,1.6,1.8,13.7,DEN,60,28.4,0.05,-1.2,-1.15,3.53,5
74,Bojan Bogdanovic,SF,27,0.5,3,3.4,1.4,0.4,0.1,1.6,1.8,13.7,BKN/WSH,81,25.7,-0.46,-3.42,-3.88,3.73,4
75,Tyler Johnson,PG,24,0.7,3.3,4,3.2,1.2,0.6,1.2,2.4,13.7,MIA,73,29.8,0.13,0.18,0.31,5.63,3
76,Ryan Anderson,PF,28,1.6,3,4.6,0.9,0.4,0.2,0.8,2,13.6,HOU,72,29.4,1.63,-0.12,1.51,18.74,2
77,Dwight Howard,C,31,4,8.7,12.7,1.4,0.9,1.2,2.3,2.7,13.5,ATL,74,29.7,-1.7,2.6,0.9,23.18,1
78,Wesley Matthews,SG,30,0.2,3.3,3.5,2.9,1.1,0.2,1.4,2.2,13.5,DAL,73,34.2,0.09,0.11,0.2,17.15,5
79,Darren Collison,PG,29,0.3,1.9,2.2,4.6,1,0.1,1.7,1.8,13.2,SAC,68,30.3,1.06,-1.47,-0.41,5.23,3
80,Julius Randle,PF,22,2,6.6,8.6,3.6,0.7,0.5,2.3,3.4,13.2,LAL,74,28.8,-0.79,-1.03,-1.82,3.27,2
81,Nick Young,SG,31,0.4,1.9,2.3,1,0.6,0.2,0.6,2.3,13.2,LAL,60,25.9,2.28,-1.63,0.65,5.44,5
82,Ersan Ilyasova,PF,29,1.4,4.5,5.9,1.7,0.7,0.3,1.4,2.6,13.1,ATL/PHI/OKC,82,26.1,0.98,0.74,1.72,8.4,2
83,Sean Kilpatrick,SG,27,0.3,3.7,4,2.2,0.6,0.1,1.9,1.7,13.1,BKN,70,25.1,-0.07,-2.36,-2.43,1.52,5
84,James Johnson,PF,29,0.9,4.1,4.9,3.6,1,1.1,2.3,2.6,12.8,MIA,76,27.4,0.42,1.94,2.36,4,2
85,Elfrid Payton,PG,22,1.1,3.6,4.7,6.5,1.1,0.5,2.2,2.2,12.8,ORL,82,29.4,1.12,-0.78,0.34,2.61,3
86,Dario Saric,PF,22,1.4,5,6.3,2.2,0.7,0.4,2.3,2,12.8,PHI,81,26.3,-1.25,-0.62,-1.87,2.32,2
87,Aaron Gordon,SF,21,1.5,3.6,5.1,1.9,0.8,0.5,1.1,2.2,12.7,ORL,80,28.7,1.25,-0.78,0.47,4.35,4
88,Rodney Hood,SG,24,0.3,3.2,3.4,1.6,0.6,0.2,1.1,2.2,12.7,UTAH,59,27,-0.26,-0.51,-0.77,1.41,5
89,Pau Gasol,C,36,1.7,6.2,7.8,2.3,0.4,1.1,1.3,1.7,12.4,SA,64,25.4,0.86,1.49,2.35,15.5,1
90,Jamal Crawford,SG,36,0.2,1.4,1.6,2.6,0.7,0.2,1.6,1.4,12.3,LAC,82,26.3,-0.06,-3.18,-3.24,13.25,5
91,Austin Rivers,SG,24,0.3,1.9,2.2,2.8,0.6,0.1,1.6,2.5,12,LAC,74,27.8,-0.17,-1.73,-1.9,11,5
92,Jonas Valanciunas,C,24,2.8,6.7,9.5,0.7,0.5,0.8,1.3,2.7,12,TOR,80,25.8,-0.74,0.75,0.01,14.38,1
93,Jahlil Okafor,C,21,1.6,3.2,4.8,1.2,0.4,1,1.8,2.4,11.8,PHI,50,22.7,-4.43,-1.26,-5.69,4.79,1
94,Trevor Ariza,SF,31,0.7,5.1,5.7,2.2,1.8,0.3,0.9,1.7,11.7,HOU,80,34.7,0.86,1.07,1.93,7.81,4
95,Frank Kaminsky,C,23,0.8,3.7,4.5,2.2,0.6,0.5,1,1.9,11.7,CHA,75,26.1,0.96,-0.51,0.45,2.73,1
96,Greg Monroe,C,26,2.1,4.5,6.6,2.3,1.1,0.5,1.7,2.1,11.7,MIL,81,22.5,1.08,0.47,1.55,17.15,1
97,Steven Adams,C,23,3.5,4.2,7.7,1.1,1.1,1,1.8,2.4,11.3,OKC,80,29.9,-0.3,1.68,1.38,3.14,1
98,Marvin Williams,PF,30,1.2,5.4,6.6,1.4,0.8,0.7,0.8,1.8,11.2,CHA,76,30.2,-0.02,-0.07,-0.09,12.25,2
99,Ricky Rubio,PG,26,0.9,3.2,4.1,9.1,1.7,0.1,2.6,2.7,11.1,MIN,75,32.9,1.73,0.76,2.49,13.55,3
100,Jerryd Bayless,PG,28,1,3,4,4.3,0,0,3,1.3,11,PHI,3,23.7,-2.23,-0.47,-2.7,9.42,3
101,Kent Bazemore,SF,27,0.6,2.5,3.2,2.4,1.2,0.7,1.7,2.3,11,ATL,73,26.9,-0.69,-0.5,-1.19,15.73,4
102,Brandon Knight,SG,25,0.5,1.7,2.2,2.4,0.5,0.1,1.6,1.6,11,PHX,54,21.1,-2.24,-3.08,-5.32,12.61,5
103,Emmanuel Mudiay,PG,20,0.5,2.7,3.2,3.9,0.7,0.2,2.2,1.7,11,DEN,55,25.6,-1.52,-2.38,-3.9,3.24,3
104,Terrence Ross,SF,25,0.2,2.4,2.6,1.1,1.1,0.4,0.9,1.8,11,ORL/TOR,78,25.1,1.36,-1.23,0.13,10,4
105,Thaddeus Young,PF,28,1.8,4.3,6.1,1.6,1.5,0.4,1.3,1.8,11,IND,74,30.2,-1.09,1.94,0.85,14.15,2
106,J.J. Barea,PG,32,0.3,2.1,2.4,5.5,0.4,0,1.8,0.9,10.9,DAL,35,22,0.15,-1.57,-1.42,4.1,3
107,Justise Winslow,SF,20,1.3,3.9,5.2,3.7,1.4,0.3,1.8,2.9,10.9,MIA,18,34.7,-4.08,0.16,-3.92,2.59,4
108,Taj Gibson,PF,31,2,4.2,6.2,0.9,0.5,0.8,1.3,2.1,10.8,CHI/OKC,78,25.5,-1.76,2.02,0.26,8.95,2
109,Marcin Gortat,C,32,2.9,7.5,10.4,1.5,0.5,0.7,1.5,2.6,10.8,WSH,82,31.2,-1.25,1.18,-0.07,12,1
110,Courtney Lee,SG,31,0.7,2.7,3.4,2.3,1.1,0.3,0.9,1.8,10.8,NY,77,31.9,0.58,-1.51,-0.93,11.24,5
111,Allen Crabbe,SG,24,0.2,2.6,2.9,1.2,0.7,0.3,0.8,2.2,10.7,POR,79,28.5,0.22,-2.87,-2.65,18.5,5
112,Buddy Hield,SG,23,0.4,2.9,3.3,1.5,0.5,0.1,1.2,1.4,10.6,NO/SAC,82,23,-0.92,-2.28,-3.2,3.52,5
113,Nikola Mirotic,PF,25,0.9,4.6,5.5,1.1,0.8,0.8,1.1,1.8,10.6,CHI,70,24,0.92,1.31,2.23,5.78,2
114,Marcus Smart,SG,22,1,2.9,3.9,4.6,1.6,0.4,2,2.4,10.6,BOS,79,30.4,0.26,0.49,0.75,3.58,5
115,Marco Belinelli,SG,30,0.2,2.2,2.4,2,0.6,0.1,0.9,1.2,10.5,CHA,74,24,0.67,-1.87,-1.2,6.33,5
116,Wayne Ellington,SG,29,0.3,1.8,2.1,1.1,0.6,0.1,0.5,1.1,10.5,MIA,62,24.2,2.26,-1.6,0.66,6,5
117,Robin Lopez,C,28,3,3.4,6.4,1,0.2,1.4,1.1,1.9,10.4,CHI,81,28,-2.07,0.63,-1.44,13.22,1
118,Mason Plumlee,C,26,2.1,5.4,7.5,3.5,0.9,1.1,1.7,2.8,10.4,DEN/POR,81,26.5,0.71,0.22,0.93,2.33,1
119,Tyreke Evans,SF,27,0.3,3.1,3.4,3.1,0.9,0.2,1.5,1.5,10.3,NO/SAC,40,19.7,-1.52,0.02,-1.5,10.2,4
120,Cody Zeller,PF,24,2.2,4.4,6.5,1.6,1,0.9,1,3,10.3,CHA,62,27.8,-0.07,3.42,3.35,5.32,2
121,Draymond Green,PF,26,1.3,6.6,7.9,7,2,1.4,2.4,2.9,10.2,GS,76,32.5,1.55,5.59,7.14,15.33,2
122,Jon Leuer,PF,27,1.4,4,5.4,1.5,0.4,0.3,0.9,1.9,10.2,DET,75,25.9,-1.43,0.58,-0.85,10.99,2
123,Jusuf Nurkic,C,22,2.4,4.8,7.2,1.9,0.8,1.1,2.2,2.5,10.2,DEN/POR,65,21.4,-2.11,2.73,0.62,1.92,1
124,Josh Richardson,SG,23,0.7,2.5,3.2,2.6,1.1,0.7,1.2,2.5,10.2,MIA,53,30.5,-1.63,0.06,-1.57,1.47,5
125,Kyle Korver,SG,35,0.1,2.7,2.8,1.6,0.5,0.3,1,1.6,10.1,ATL/CLE,67,26.2,-0.15,-2.61,-2.76,5.24,5
126,Tony Parker,PG,34,0.1,1.7,1.8,4.5,0.5,0,1.4,1.5,10.1,SA,63,25.2,-0.69,-0.97,-1.66,14.45,3
127,Trevor Booker,PF,29,2,6,8,1.9,1.1,0.4,1.8,2.1,10,BKN,71,24.7,-2.29,2,-0.29,9.25,2
128,Gorgui Dieng,PF,27,2.3,5.6,7.9,1.9,1.1,1.2,1.3,3.1,10,MIN,82,32.4,-0.8,3.52,2.72,2.35,2
129,Maurice Harkless,SF,23,1.6,2.8,4.4,1.1,1.1,0.9,1.1,2.8,10,POR,77,28.9,0.38,0.49,0.87,8.99,4
130,Shabazz Muhammad,SF,24,1.1,1.7,2.8,0.4,0.3,0.1,0.7,1.1,9.9,MIN,78,19.4,-0.56,-3.19,-3.75,3.05,4
131,Jamal Murray,SG,19,0.5,2.1,2.6,2.1,0.6,0.3,1.4,1.5,9.9,DEN,82,21.5,0.06,-1.57,-1.51,3.21,5
132,Jeremy Lamb,SG,24,0.5,3.8,4.3,1.2,0.4,0.4,0.6,1.6,9.7,CHA,62,18.4,0.04,-1.32,-1.28,6.51,5
133,Kenneth Faried,PF,27,3,4.6,7.6,0.9,0.7,0.7,1,2,9.6,DEN,61,21.2,-0.07,-1.55,-1.62,12.08,2
134,E'Twaun Moore,SG,27,0.5,1.6,2.1,2.2,0.7,0.4,0.8,1.8,9.6,NO,73,24.9,-0.24,-1.58,-1.82,8.08,5
135,Derrick Favors,PF,25,1.8,4.3,6.1,1.1,0.9,0.8,1.2,2.1,9.5,UTAH,50,23.7,-2.76,2.06,-0.7,11.05,2
136,Patty Mills,PG,28,0.3,1.5,1.8,3.5,0.8,0,1.3,1.4,9.5,SA,80,21.9,2.53,-1.26,1.27,3.58,3
137,Nik Stauskas,SG,23,0.3,2.6,2.8,2.4,0.6,0.4,1.6,1.8,9.5,PHI,80,27.4,-0.32,-2.25,-2.57,2.99,5
138,Michael Beasley,PF,28,0.7,2.7,3.4,0.9,0.5,0.5,1.2,1.6,9.4,MIL,56,16.7,-1.7,-0.61,-2.31,1.4,2
139,Brandon Ingram,SF,19,0.8,3.2,4,2.1,0.6,0.5,1.5,2,9.4,LAL,79,28.8,-1.76,-2.93,-4.69,5.28,4
140,Ish Smith,PG,28,0.3,2.6,2.9,5.2,0.8,0.4,1.4,1.6,9.4,DET,81,24.1,0.28,0.25,0.53,6,3
141,Cory Joseph,PG,25,0.6,2.3,2.9,3.3,0.8,0.2,1.4,1.8,9.3,TOR,80,25,-0.5,-1.94,-2.44,7.32,3
142,Marquese Chriss,PF,19,1.2,3.1,4.2,0.7,0.8,0.9,1.3,3.2,9.2,PHX,82,21.3,-1.96,-1.82,-3.78,2.94,2
143,Jeff Green,PF,30,0.6,2.5,3.1,1.2,0.5,0.2,1.1,1.5,9.2,ORL,69,22.2,-2.03,-1.31,-3.34,15,2
144,Gerald Henderson,SG,29,0.5,2.1,2.6,1.6,0.6,0.2,0.9,1.8,9.2,PHI,72,23.2,-1.51,-2.42,-3.93,9,5
145,Joe Johnson,SF,35,0.4,2.7,3.1,1.8,0.5,0.2,0.9,1.2,9.2,UTAH,78,23.6,0.79,-1.56,-0.77,11,4
146,Michael Kidd-Gilchrist,SF,23,1.9,5,7,1.4,1,1,0.7,2.3,9.2,CHA,81,29,-1.97,2.47,0.5,13,4
147,Jameer Nelson,PG,34,0.4,2.2,2.6,5.1,0.7,0.1,1.7,2.6,9.2,DEN,75,27.3,0.45,-0.44,0.01,4.54,3
148,Tony Allen,SG,35,2.3,3.2,5.5,1.4,1.6,0.4,1.4,2.5,9.1,MEM,71,27,-2.03,2.15,0.12,5.51,5
149,Channing Frye,C,33,0.5,3.4,3.9,0.6,0.4,0.5,0.7,1.9,9.1,CLE,74,18.9,1.62,-0.58,1.04,7.81,1
150,Jodie Meeks,SG,29,0.1,2,2.1,1.3,0.9,0.1,1,1.1,9.1,ORL,36,20.5,-0.05,-1.6,-1.65,6.54,5
151,Doug McDermott,SF,25,0.3,2.4,2.7,0.9,0.2,0.1,0.6,1.2,9,CHI/OKC,66,22.8,-0.61,-3.92,-4.53,2.48,4
152,Kelly Olynyk,C,25,1,3.8,4.8,2,0.6,0.4,1.3,2.8,9,BOS,75,20.5,-0.31,0.81,0.5,3.09,1
153,Evan Turner,SF,28,0.6,3.2,3.8,3.2,0.8,0.4,1.5,1.9,9,POR,65,25.5,-3.04,0.15,-2.89,16.39,4
154,DeMarre Carroll,SF,30,0.9,2.9,3.8,1,1.1,0.4,0.8,2,8.9,TOR,72,26.1,0,0.83,0.83,14.2,4
155,Al-Farouq Aminu,SF,26,1.3,6.1,7.4,1.6,1,0.7,1.5,1.7,8.7,POR,61,29.1,-1.86,3.13,1.27,7.68,4
156,Rondae Hollis-Jefferson,SF,22,1.2,4.6,5.8,2,1.1,0.6,1.5,2.3,8.7,BKN,78,22.6,-2.16,1.78,-0.38,1.4,4
157,Nerlens Noel,C,22,1.8,3.9,5.8,1,1.3,1,1,2.5,8.7,DAL/PHI,51,20.5,-1.33,2.58,1.25,4.38,1
158,Marreese Speights,C,29,1.1,3.5,4.5,0.8,0.3,0.5,0.8,2.8,8.7,LAC,82,15.7,0.67,0.69,1.36,1.4,1
159,Monta Ellis,SG,31,0.3,2.5,2.8,3.2,1.1,0.4,1.8,2,8.5,IND,74,27,-1.32,-1.64,-2.96,10.76,5
160,Tony Snell,SG,25,0.3,2.8,3.1,1.2,0.7,0.2,0.7,1.6,8.5,MIL,80,29.2,-0.02,-0.85,-0.87,2.37,5
161,Arron Afflalo,SG,31,0.1,1.9,2,1.3,0.3,0.1,0.7,1.7,8.4,SAC,61,25.9,-1.43,-2.85,-4.28,12.5,5
162,Tyson Chandler,C,34,3.3,8.2,11.5,0.6,0.7,0.5,1.4,2.7,8.4,PHX,47,27.6,-1.06,2.2,1.14,12.42,1
163,Troy Daniels,SG,25,0.3,1.2,1.5,0.7,0.3,0.1,0.7,1.3,8.2,MEM,67,17.7,-0.02,-2.1,-2.12,3.33,5
164,Willy Hernangomez,C,22,2.4,4.6,7,1.3,0.6,0.5,1.4,2.1,8.2,NY,72,18.4,-0.75,0.4,-0.35,1.44,1
165,Caris LeVert,SF,22,0.4,2.9,3.3,1.9,0.9,0.1,1,1.6,8.2,BKN,57,21.7,-0.46,-0.84,-1.3,1.56,4
166,Willie Cauley-Stein,C,23,1.1,3.4,4.5,1.1,0.7,0.6,0.9,2,8.1,SAC,75,18.9,-2.07,0.9,-1.17,3.55,1
167,Al Jefferson,C,32,1.1,3.1,4.2,0.9,0.3,0.2,0.5,1.9,8.1,IND,66,14.1,-1,-0.45,-1.45,10.31,1
168,Ben McLemore,SG,23,0.3,1.8,2.1,0.8,0.5,0.1,1,1.8,8.1,SAC,61,19.3,-2.88,-1.58,-4.46,4.01,5
169,Tristan Thompson,C,25,3.7,5.5,9.2,1,0.5,1.1,0.8,2.3,8.1,CLE,78,29.9,-1.31,1.31,0,15.33,1
170,Vince Carter,SF,40,0.5,2.6,3.1,1.8,0.8,0.5,0.7,2.2,8,MEM,73,24.7,1.36,-0.06,1.3,4.26,4
171,Alex Len,C,23,2,4.6,6.6,0.6,0.5,1.3,1.3,3.1,8,PHX,77,20.3,-3.62,1.28,-2.34,4.82,1
172,D.J. Augustin,PG,29,0.2,1.3,1.5,2.7,0.4,0,1.2,1.3,7.9,ORL,78,19.7,-1.53,-3.4,-4.93,7.25,3
173,Langston Galloway,PG,25,0.4,1.7,2.1,1.3,0.6,0.1,0.6,1.3,7.9,NO/SAC,74,20.2,0.1,-1.65,-1.55,5.2,3
174,Shelvin Mack,PG,26,0.4,1.9,2.3,2.8,0.8,0.1,1.6,1.8,7.8,UTAH,55,21.9,-1.51,-1.28,-2.79,2.43,3
175,Sergio Rodriguez,PG,30,0.3,2,2.3,5.1,0.7,0.1,1.9,1.4,7.8,PHI,68,22.3,-0.66,-2.11,-2.77,8,3
176,Rajon Rondo,PG,30,1.1,4.1,5.1,6.7,1.4,0.2,2.4,2.1,7.8,CHI,69,26.7,-1.35,-0.49,-1.84,14,3
177,Garrett Temple,SG,30,0.5,2.3,2.8,2.6,1.3,0.4,1.2,2.2,7.8,SAC,65,26.6,-0.14,-0.46,-0.6,8,5
178,Matthew Dellavedova,PG,26,0.3,1.6,1.9,4.7,0.7,0,1.8,2,7.6,MIL,76,26.1,-0.88,-1.01,-1.89,9.61,3
179,Luol Deng,SF,31,1.1,4.1,5.3,1.3,0.9,0.4,0.8,1.1,7.6,LAL,56,26.5,-1.87,1.54,-0.33,18,4
180,Andre Iguodala,SF,33,0.7,3.3,4,3.4,1,0.5,0.8,1.3,7.6,GS,76,26.3,2.01,1.52,3.53,11.13,4
181,Manu Ginobili,SG,39,0.4,1.9,2.3,2.7,1.2,0.2,1.4,1.7,7.5,SA,69,18.7,1.43,1,2.43,14,5
182,Iman Shumpert,SG,26,0.5,2.4,2.9,1.4,0.8,0.4,1,2,7.5,CLE,76,25.5,-0.98,-0.16,-1.14,9.66,5
183,Timofey Mozgov,C,30,1.9,3,4.9,0.8,0.3,0.6,1.3,2.5,7.4,LAL,54,20.4,-4.02,0.93,-3.09,16,1
184,Danny Green,SG,29,0.5,2.8,3.3,1.8,1,0.8,1.1,1.8,7.3,SA,68,26.6,-0.45,1.71,1.26,10,5
185,David Lee,PF,33,1.9,3.7,5.6,1.6,0.4,0.5,1,1.6,7.3,SA,79,18.7,-0.38,1.5,1.12,1.55,2
186,Thabo Sefolosha,SF,32,0.9,3.5,4.4,1.7,1.5,0.5,0.9,1.6,7.2,ATL,62,25.7,-1.93,2.27,0.34,3.85,4
187,Rodney Stuckey,PG,30,0.2,2,2.2,2.2,0.4,0,1.4,1.1,7.2,IND,39,17.8,-1.66,-0.91,-2.57,7,3
188,Justin Anderson,SF,23,0.9,2.3,3.3,0.9,0.5,0.3,0.9,1.5,7.1,DAL/PHI,75,16.4,-1.36,-2.54,-3.9,1.51,4
189,Tim Frazier,PG,26,0.5,2.1,2.7,5.2,0.9,0.1,1.6,2,7.1,NO,65,23.5,-0.73,-1.67,-2.4,2.09,3
190,Joe Ingles,SF,29,0.3,2.9,3.2,2.7,1.2,0.1,1.3,2,7.1,UTAH,82,24,2.29,0.26,2.55,2.15,4
191,Brandon Jennings,PG,27,0.4,2.1,2.4,4.9,0.9,0,1.6,1.4,7.1,NY/WSH,81,22.2,0.25,-1.5,-1.25,5,3
192,Solomon Hill,SF,25,0.6,3.2,3.8,1.8,0.9,0.4,1,2.3,7,NO,80,29.7,-1.06,1.49,0.43,11.24,4
193,Justin Hamilton,C,26,1.1,3,4.1,0.9,0.5,0.7,0.7,1.4,6.9,BKN,64,18.4,-1.64,-0.42,-2.06,3,1
194,Jared Dudley,PF,31,0.5,3,3.5,1.9,0.7,0.3,1.1,2.4,6.8,PHX,64,21.3,-0.67,1.89,1.22,10.47,2
195,John Henson,C,26,1.6,3.5,5.1,1,0.5,1.3,0.9,2.6,6.8,MIL,58,19.4,-3.42,1.79,-1.63,12.52,1
196,Patrick Patterson,PF,27,1,3.6,4.5,1.2,0.6,0.4,0.6,1.8,6.8,TOR,65,24.6,1.05,1.26,2.31,6.05,2
197,Bobby Portis,PF,21,1.2,3.5,4.6,0.5,0.3,0.2,0.6,1.5,6.8,CHI,64,15.6,-1.94,-0.5,-2.44,1.45,2
198,Bobby Portis,PF,21,1.2,3.5,4.6,0.5,0.3,0.2,0.6,1.5,6.8,CHI,64,15.6,-1.94,-0.5,-2.44,1.52,2
199,Brandan Wright,PF,29,1.1,1.7,2.8,0.5,0.4,0.7,0.4,1.5,6.8,MEM,28,16,-0.86,0.4,-0.46,5.71,2
200,Alec Burks,SG,25,0.4,2.5,2.9,0.7,0.4,0.1,0.8,1.2,6.7,UTAH,42,15.5,-2.47,-0.94,-3.41,10.15,5
201,Devin Harris,PG,33,0.2,1.8,2,2.1,0.7,0.1,0.9,1.6,6.7,DAL,65,16.7,0.38,0.32,0.7,4.23,3
202,Dwight Powell,C,25,1.2,2.8,4,0.6,0.8,0.5,0.4,1.8,6.7,DAL,77,17.3,-0.66,-0.51,-1.17,8.38,1
203,Jaylen Brown,SF,20,0.6,2.2,2.8,0.8,0.4,0.2,0.9,1.8,6.6,BOS,78,17.2,-2.95,-0.42,-3.37,4.74,4
204,Michael Carter-Williams,PG,25,0.5,2.9,3.4,2.5,0.8,0.5,1.5,2.3,6.6,CHI,45,18.8,-2.82,1.12,-1.7,3.18,3
205,Dante Cunningham,SF,29,0.8,3.3,4.2,0.6,0.6,0.4,0.4,1.5,6.6,NO,66,25,-0.37,-0.56,-0.93,2.98,4
206,Kosta Koufos,C,27,1.7,4,5.7,0.7,0.5,0.7,0.9,2.4,6.6,SAC,71,20,-2.78,2.83,0.05,8.05,1
207,Andre Roberson,SF,25,1.2,3.9,5.1,1,1.2,1,0.6,2.6,6.6,OKC,79,30.1,-1.4,2.64,1.24,2.18,4
208,Marcus Thornton,SG,29,0.7,1.6,2.3,1.2,0.6,0.1,0.8,1.5,6.6,WSH,33,17.4,-1.64,-3.31,-4.95,0.98,5
209,Sam Dekker,SF,22,1.2,2.5,3.7,1,0.5,0.3,0.5,1.1,6.5,HOU,77,18.4,0.05,-1.42,-1.37,1.72,4
210,Amir Johnson,PF,29,1.5,3.1,4.6,1.8,0.6,0.8,1,2.6,6.5,BOS,80,20.1,0.22,3.58,3.8,12,2
211,Darrell Arthur,PF,28,0.6,2.1,2.7,1,0.5,0.5,0.9,1.9,6.4,DEN,41,15.6,-0.91,0.2,-0.71,8.07,2
212,Timothe Luwawu-Cabarrot,SF,21,0.4,1.8,2.2,1.1,0.5,0.1,1.1,2.2,6.4,PHI,69,17.2,-2.27,0.57,-1.7,1.39,4
213,Mirza Teletovic,PF,31,0.2,2.2,2.3,0.7,0.2,0.2,0.5,1.6,6.4,MIL,70,16.2,-1.05,-0.44,-1.49,10.5,2
214,Leandro Barbosa,SG,34,0.2,1.3,1.6,1.2,0.5,0.1,0.7,1.2,6.3,PHX,67,14.4,-1.5,-1.5,-3,4,5
215,Mindaugas Kuzminskas,SF,27,0.7,1.2,1.9,1,0.4,0.2,0.8,1.2,6.3,NY,68,14.9,-0.8,-1.2,-2,2.9,4
216,Kyle O'Quinn,C,26,2,3.6,5.6,1.5,0.5,1.3,1,2.2,6.3,NY,79,15.6,-1.28,1.16,-0.12,3.92,1
217,Nemanja Bjelica,PF,28,0.9,2.9,3.8,1.2,0.6,0.3,0.9,2.4,6.2,MIN,65,18.3,-0.71,1.94,1.23,3.8,2
218,Dante Exum,PG,21,0.5,1.5,2,1.7,0.3,0.2,1.2,2.2,6.2,UTAH,66,18.6,-2.14,-0.65,-2.79,3.94,3
219,Jonathan Gibson,PG,29,0.1,1.2,1.3,1.5,0.5,0,1.2,1.2,6.2,DAL,17,13.6,-1.95,-2.16,-4.11,0.47,3
220,Spencer Hawes,PF,28,0.7,2.8,3.5,1.5,0.3,0.6,0.9,1.4,6.2,MIL/CHA,54,14.8,-2.13,-0.87,-3,6.35,2
221,Trey Lyles,PF,21,0.7,2.6,3.3,1,0.4,0.3,0.9,1.4,6.2,UTAH,71,16.3,-2.48,-0.23,-2.71,2.34,2
222,Chandler Parsons,SF,28,0.2,2.3,2.5,1.6,0.6,0.1,0.7,1.5,6.2,MEM,34,19.9,-3.51,-0.33,-3.84,22.12,4
223,Ramon Sessions,PG,30,0.2,1.2,1.5,2.6,0.5,0.1,0.9,0.9,6.2,CHA,50,16.2,-1.65,-1.4,-3.05,6,3
224,Troy Williams,SF,22,0.5,1.8,2.3,0.8,0.9,0.3,1.1,2,6.2,HOU/MEM,30,18.6,-3.06,-0.45,-3.51,1.58,4
225,Luc Mbah a Moute,SF,30,0.6,1.6,2.1,0.5,1,0.4,0.6,1.5,6.1,LAC,80,22.3,-1.56,2.32,0.76,2.2,4
226,JaVale McGee,C,29,1.3,1.9,3.2,0.2,0.2,0.9,0.5,1.4,6.1,GS,77,9.6,0.83,0.11,0.94,1.4,1
227,Alex Abrines,SG,23,0.3,1,1.3,0.6,0.5,0.1,0.5,1.7,6,OKC,68,15.5,0.13,-2.25,-2.12,5.99,5
228,Bismack Biyombo,C,24,1.9,5.1,7,0.9,0.3,1.1,1.2,2.5,6,ORL,81,22.1,-3.33,0.77,-2.56,17,1
229,Lance Thomas,PF,28,0.7,2.4,3.1,0.8,0.5,0.1,0.5,1.8,6,NY,46,21,-2.87,-1.73,-4.6,6.19,2
230,Jerian Grant,PG,24,0.3,1.5,1.8,1.9,0.7,0.1,0.7,1.5,5.9,CHI,63,16.3,0.5,1.07,1.57,1.64,3
231,Andrew Harrison,PG,22,0.3,1.6,1.9,2.8,0.7,0.3,1.2,2.7,5.9,MEM,72,20.5,-1.2,-0.38,-1.58,1.31,3
232,Domantas Sabonis,PF,20,0.6,3,3.6,1,0.5,0.4,1,2.5,5.9,OKC,81,20.1,-3.9,1.86,-2.04,2.44,2
233,Quincy Acy,PF,26,0.5,2.5,3,0.5,0.4,0.4,0.6,1.8,5.8,DAL/BKN,38,14.7,-2.38,-0.21,-2.59,1.79,2
234,Tarik Black,C,25,2.1,3,5.1,0.6,0.4,0.7,0.9,2.6,5.7,LAL,67,16.3,-2.5,1.96,-0.54,6.19,1
235,Jason Smith,C,30,0.9,2.6,3.5,0.5,0.3,0.7,0.8,2.3,5.7,WSH,74,14.4,-1.08,0.54,-0.54,5,1
236,Ian Mahinmi,C,30,1.5,3.3,4.8,0.6,1.1,0.8,1.1,2.9,5.6,WSH,31,17.9,-2.22,3.11,0.89,15.94,1
237,Georgios Papagiannis,C,19,1.1,2.8,3.9,0.9,0.1,0.8,1.1,2,5.6,SAC,22,16.1,-2.47,-0.3,-2.77,2.2,1
238,Delon Wright,PG,24,0.6,1.2,1.8,2.1,1,0.4,0.9,1.1,5.6,TOR,27,16.5,-1.28,0.98,-0.3,1.58,3
239,Boban Marjanovic,C,28,1.3,2.4,3.7,0.3,0.2,0.3,0.3,0.7,5.5,DET,35,8.4,-0.24,1.66,1.42,7,1
240,Anthony Morrow,SG,31,0.2,0.4,0.6,0.5,0.5,0,0.1,0.9,5.5,CHI/OKC,49,14.6,-0.66,-1.46,-2.12,3.49,5
241,Terry Rozier,PG,22,0.5,2.5,3.1,1.8,0.6,0.1,0.6,0.9,5.5,BOS,74,17.1,-1.05,-0.01,-1.06,1.91,3
242,Malcolm Delaney,PG,27,0.1,1.5,1.7,2.6,0.5,0,1.3,1.5,5.4,ATL,73,17.1,-2.64,-0.25,-2.89,2.5,3
243,Joffrey Lauvergne,PF-C,25,1,2.6,3.6,1,0.4,0.1,0.8,1.2,5.4,CHI/OKC,70,14,-1.22,-1.27,-2.49,1.71,2
244,Joffrey Lauvergne,PF-C,25,1,2.6,3.6,1,0.4,0.1,0.8,1.2,5.4,CHI/OKC,70,14,-1.22,-1.27,-2.49,1.52,2
245,Meyers Leonard,PF,24,0.4,2.8,3.2,1,0.2,0.4,0.5,2.3,5.4,POR,74,16.5,-1.5,0.26,-1.24,9.21,2
246,Alexis Ajinca,C,28,1.2,3.4,4.5,0.3,0.5,0.6,0.8,2,5.3,NO,39,15,-3.17,1.64,-1.53,4.64,1
247,Chasson Randle,PG,23,0.2,1,1.2,1.3,0.3,0.1,0.7,1.5,5.3,NY/PHI,26,11.5,-0.74,-1.36,-2.1,1.31,3
248,Mike Dunleavy,SF,36,0.3,1.8,2.2,0.9,0.3,0.1,0.5,1.3,5.2,ATL/CLE,53,15.9,-2.26,0.05,-2.21,4.84,4
249,Randy Foye,SG,33,0.1,2.1,2.2,2,0.5,0.1,1.2,1.4,5.2,BKN,69,18.6,-2.7,-1.42,-4.12,2.5,5
250,Cameron Payne,PG,22,0.1,1.5,1.5,1.8,0.5,0.1,0.9,1.7,5.2,CHI/OKC,31,14.9,-4.14,-0.31,-4.45,2.11,3
251,Dewayne Dedmon,C,27,1.7,4.8,6.5,0.6,0.5,0.8,0.8,2.4,5.1,SA,76,17.5,-1.63,3.94,2.31,2.9,1
252,Shaun Livingston,PG,31,0.4,1.6,2,1.8,0.5,0.3,0.8,1.6,5.1,GS,76,17.7,-2.55,-0.19,-2.74,5.78,3
253,Luis Scola,PF,36,1.4,2.4,3.9,1,0.4,0.1,0.9,1.8,5.1,BKN,36,12.8,-0.8,-0.29,-1.09,5.5,2
254,Wayne Selden,SG,22,0.1,1.1,1.1,0.9,0.4,0.1,0.9,1.3,5.1,NO/MEM,14,16.9,-2.44,-0.28,-2.72,1.31,5
255,Denzel Valentine,SG,23,0.2,2.5,2.6,1.1,0.5,0.1,0.9,1.5,5.1,CHI,57,17.1,-2.21,0.13,-2.08,2.09,5
256,Anthony Bennett,PF,23,1.1,2.3,3.4,0.5,0.2,0.1,0.5,0.8,5,BKN,23,11.5,-0.76,-1.29,-2.05,1.02,2
257,Aaron Brooks,PG,32,0.3,0.8,1.1,1.9,0.4,0.1,1,1.4,5,IND,65,13.8,-1.81,-1.47,-3.28,2.7,3
258,Trey Burke,PG,24,0.1,0.7,0.8,1.8,0.2,0.1,0.8,0.9,5,WSH,57,12.3,-2.15,-3.09,-5.24,3.39,3
259,Joakim Noah,C,31,3.5,5.2,8.8,2.2,0.7,0.8,1.3,2.8,5,NY,46,22.1,-2.23,1.17,-1.06,17,1
260,Aron Baynes,C,30,1.5,3,4.4,0.4,0.2,0.5,0.7,2.2,4.9,DET,75,15.5,-2.45,2.93,0.48,6.5,1
261,Juan Hernangomez,PF,21,0.7,2.3,3,0.5,0.5,0.2,0.5,1,4.9,DEN,62,13.6,-0.85,-0.69,-1.54,1.99,2
262,Mario Hezonja,SF,21,0.3,1.9,2.2,1,0.5,0.2,0.9,1.1,4.9,ORL,65,14.8,-4.4,-2.2,-6.6,3.91,4
263,Josh McRoberts,PF,29,1,2.3,3.4,2.3,0.5,0.2,1,1.4,4.9,MIA,22,17.3,-2.87,-0.01,-2.88,5.78,2
264,Tiago Splitter,C,32,1,1.8,2.8,0.5,0.1,0.1,0.8,1,4.9,PHI,8,9.5,-1.97,0.69,-1.28,8.55,1
265,Jarell Eddie,SF,25,0.2,1.2,1.4,0,0.2,0,0.2,0.2,4.8,PHX,5,12.4,-2.31,0.62,-1.69,0.06,4
266,Kevin Seraphin,PF,27,0.8,2.1,2.9,0.5,0.1,0.4,0.6,1.3,4.7,IND,49,11.4,-2.94,-1.07,-4.01,1.8,2
267,Isaiah Canaan,SG,25,0.2,1.1,1.3,0.9,0.6,0,0.5,0.9,4.6,CHI,39,15.2,-3,-1.12,-4.12,1.02,5
268,Boris Diaw,PF,34,0.6,1.5,2.2,2.3,0.2,0.1,1.2,1.1,4.6,UTAH,73,17.6,-2.58,-0.5,-3.08,7,2
269,Roy Hibbert,C,30,1.1,2,3.2,0.4,0.2,1,0.7,2.1,4.6,DEN/CHA,48,14.2,-2.48,2.08,-0.4,5,1
270,Kris Humphries,PF,31,1.1,2.6,3.7,0.5,0.3,0.4,0.5,1.2,4.6,ATL,56,12.3,-2.3,0.41,-1.89,4,2
271,Corey Brewer,SF,30,0.4,1.6,2,1.2,0.7,0.2,0.7,1.6,4.5,HOU/LAL,82,15.6,-1.75,1,-0.75,7.61,4
272,Reggie Bullock,SF,25,0.4,1.6,2.1,0.9,0.6,0.1,0.3,0.7,4.5,DET,31,15.1,-0.98,0.57,-0.41,2.26,4
273,Pierre Jackson,PG,25,0.1,1,1.1,2.4,0.3,0,0.4,0.6,4.4,DAL,8,10.5,-0.96,-0.76,-1.72,0.03,3
274,Stanley Johnson,SF,20,0.5,2,2.5,1.4,0.7,0.3,0.9,1.6,4.4,DET,77,17.8,-2.34,-0.04,-2.38,2.97,4
275,Lucas Nogueira,C,24,1.4,2.8,4.3,0.7,0.9,1.6,0.8,2.4,4.4,TOR,57,19.1,-0.61,3.34,2.73,1.92,1
276,Noah Vonleh,PF,21,1.8,3.5,5.2,0.4,0.4,0.4,0.9,2.1,4.4,POR,74,17.1,-4.02,1.03,-2.99,2.75,2
277,Ed Davis,PF,27,2.1,3.2,5.3,0.6,0.3,0.5,0.8,3,4.3,POR,46,17.2,-2.96,-0.06,-3.02,6.67,2
278,Tyler Ennis,PG,22,0.2,0.7,0.8,1.6,0.5,0,0.8,1.1,4.3,HOU/LAL,53,11.1,-1.36,-0.51,-1.87,1.73,3
279,Brandon Rush,SG,31,0.3,1.8,2.1,1,0.5,0.5,0.6,0.9,4.2,MIN,47,21.9,-3.13,-0.73,-3.86,3.5,5
280,Thon Maker,C,19,0.7,1.3,2,0.4,0.2,0.5,0.3,1.5,4,MIL,57,9.9,-1.23,0.17,-1.06,2.57,1
281,Anthony Brown,SF,24,0.7,2.3,3,0.7,0.5,0.1,0.5,1.4,3.9,NO/ORL,11,14.5,-1.42,-0.34,-1.76,0.06,4
282,Jarell Martin,PF,22,1,2.9,3.9,0.2,0.4,0.2,0.7,2.2,3.9,MEM,42,13.3,-4.23,1.17,-3.06,1.47,2
283,Malik Beasley,SG,20,0.2,0.5,0.8,0.5,0.3,0,0.4,0.5,3.8,DEN,22,7.5,-1.74,0.21,-1.53,1.63,5
284,Kris Dunn,PG,22,0.3,1.8,2.1,2.4,1,0.5,1.1,2.3,3.8,MIN,78,17.1,-2.64,-0.41,-3.05,3.87,3
285,Jonas Jerebko,PF,29,0.8,2.7,3.5,0.9,0.3,0.2,0.5,1.6,3.8,BOS,78,15.8,-0.89,-0.14,-1.03,5,2
286,Malachi Richardson,SG,21,0.1,0.9,1,0.5,0.2,0,0.4,1,3.6,SAC,22,9,-2.29,-0.14,-2.43,1.44,5
287,Malachi Richardson,SG,21,0.1,0.9,1,0.5,0.2,0,0.4,1,3.6,SAC,22,9,-2.29,-0.14,-2.43,1.5,5
288,Tyus Jones,PG,20,0.2,1,1.1,2.6,0.8,0.1,0.6,0.8,3.5,MIN,60,12.9,0.11,-0.34,-0.23,1.47,3
289,Adreian Payne,PF,25,0.5,1.3,1.8,0.4,0.4,0.4,0.4,1.8,3.5,MIN,18,7.5,-1.69,1.36,-0.33,2.02,2
290,Rashad Vaughn,SG,20,0.1,1.1,1.2,0.6,0.5,0.2,0.3,0.8,3.5,MIL,41,11.2,-3.44,-0.89,-4.33,1.81,5
291,Tyler Zeller,C,27,0.8,1.6,2.4,0.8,0.1,0.4,0.4,1.2,3.5,BOS,51,10.3,-2.5,0.2,-2.3,8,1
292,Dragan Bender,PF,19,0.5,1.9,2.4,0.5,0.2,0.5,0.7,1.7,3.4,PHX,43,13.3,-3.2,-0.68,-3.88,4.28,2
293,Dejounte Murray,PG,20,0.2,0.9,1.1,1.3,0.2,0.2,1,0.8,3.4,SA,38,8.5,-1.97,-0.83,-2.8,1.31,3
294,Jared Sullinger,PF,24,0.9,1.5,2.5,0.3,0.4,0.1,0.4,1.5,3.4,TOR,11,10.7,-2.7,0.9,-1.8,5.63,2
295,Henry Ellenson,PF,20,0.4,1.7,2.2,0.4,0.1,0.1,0.7,0.3,3.2,DET,19,7.7,-2.32,0.38,-1.94,1.7,2
296,Paul Pierce,SF,39,0,1.9,1.9,0.4,0.2,0.2,0.6,1.6,3.2,LAC,25,11.1,-2.04,1.24,-0.8,3.53,4
297,Maurice Ndour,PF,24,0.7,1.3,2,0.3,0.5,0.3,0.4,0.9,3.1,NY,32,10.3,-1.94,-0.37,-2.31,0.54,2
298,Jakob Poeltl,C,21,1.4,1.6,3.1,0.2,0.3,0.4,0.5,2.1,3.1,TOR,54,11.6,-2.36,1.09,-1.27,2.7,1
299,Briante Weber,PG,24,0.4,0.9,1.3,1.1,0.6,0.1,0.4,0.8,3.1,GS/CHA,20,10.3,-2.02,-1.29,-3.31,1.47,3
300,Jarrett Jack,PG,33,0,0,0,2.5,1,0,1.5,2,3,NO,2,16.5,-1.85,0.01,-1.84,0.06,3
301,Andrew Bogut,C,32,2.1,6,8.1,1.8,0.5,0.9,1.6,3.2,2.9,CLE/DAL,27,21.6,-4.01,4.34,0.33,0.24,1
302,Fred VanVleet,PG,22,0.1,1,1.1,0.9,0.4,0.1,0.4,1,2.9,TOR,37,7.9,-2.44,0.83,-1.61,1.31,3
303,Kyle Singler,SF,28,0.3,1.3,1.5,0.3,0.2,0.2,0.3,0.9,2.8,OKC,32,12,-3.25,0.9,-2.35,4.84,4
304,Omer Asik,C,30,1.5,3.7,5.3,0.5,0.2,0.3,0.5,1.6,2.7,NO,31,15.5,-2.97,1.94,-1.03,9.9,1
305,DeAndre' Bembry,SF,22,0.4,1.2,1.6,0.7,0.2,0.1,0.4,0.6,2.7,ATL,38,9.8,-2.72,-0.67,-3.39,1.5,4
306,DeAndre' Bembry,SF,22,0.4,1.2,1.6,0.7,0.2,0.1,0.4,0.6,2.7,ATL,38,9.8,-2.72,-0.67,-3.39,1.57,4
307,Marcelo Huertas,PG,33,0.1,1,1,2.3,0.4,0.1,0.8,0.7,2.7,LAL,23,10.3,-2.17,-1.25,-3.42,1.5,3
308,Marcelo Huertas,PG,33,0.1,1,1,2.3,0.4,0.1,0.8,0.7,2.7,LAL,23,10.3,-2.17,-1.25,-3.42,1.5,3
309,Wesley Johnson,SF,29,0.4,2.3,2.7,0.3,0.4,0.4,0.3,1.2,2.7,LAC,68,11.9,-3.79,2.62,-1.17,5.63,4
310,Tomas Satoransky,SG,25,0.4,1,1.5,1.6,0.5,0.1,0.7,1.1,2.7,WSH,57,12.6,-2.1,1.08,-1.02,2.87,5
311,Christian Wood,PF,21,1.1,1.2,2.2,0.2,0.2,0.5,0.5,0.8,2.7,CHA,13,8.2,-2.06,0.97,-1.09,0.87,2
312,Bryn Forbes,SG,23,0.1,0.6,0.6,0.6,0,0,0.3,0.6,2.6,SA,36,7.9,-2.78,-1.62,-4.4,1.31,5
313,Andrew Nicholson,PF,27,0.4,1.2,1.6,0.3,0.4,0.2,0.4,1.4,2.6,BKN/WSH,38,9,-3.54,-0.67,-4.21,6.09,2
314,Pat Connaughton,SG,24,0.3,1.1,1.3,0.7,0.2,0.1,0.4,0.6,2.5,POR,39,8.1,-1.28,-0.79,-2.07,1.47,5
315,DeAndre Liggins,SG,28,0.3,1.4,1.7,0.9,0.8,0.2,0.7,1.3,2.5,CLE/DAL,62,12.5,-3.13,0.76,-2.37,1.58,5
316,Miles Plumlee,C,28,0.8,1.3,2.1,0.5,0.4,0.3,0.7,1.6,2.5,MIL/CHA,45,10.8,-2.79,0.52,-2.27,12.5,1
317,Mike Scott,PF,28,0.6,1.5,2.1,0.9,0.2,0.2,0.4,0.7,2.5,ATL,18,10.8,-2.92,0.26,-2.66,3.33,2
318,Greivis Vasquez,PG,30,0,0.7,0.7,1.7,0.3,0.3,0.3,2,2.3,BKN,3,13,-1.77,-0.38,-2.15,4.35,3
319,James Young,SG,21,0.2,0.7,0.9,0.1,0.3,0.1,0.1,0.5,2.3,BOS,29,7.6,-1.88,-0.28,-2.16,1.83,5
320,Jake Layman,SF,22,0.2,0.5,0.7,0.3,0.3,0.1,0.3,0.6,2.2,POR,35,7.1,-2.99,-0.03,-3.02,1.31,4
321,Treveon Graham,SG,23,0.2,0.6,0.8,0.2,0.2,0,0.1,0.7,2.1,CHA,27,7,-2.19,0.02,-2.17,1.31,5
322,Rakeem Christmas,PF,25,0.9,1,1.9,0.1,0.1,0.2,0.3,1.3,2,IND,29,7.6,-2.2,0.5,-1.7,1.47,2
323,Demetrius Jackson,PG,22,0.4,0.4,0.8,0.6,0,0,0,0,2,BOS,5,3.4,-1.77,-0.3,-2.07,1.45,3
324,Demetrius Jackson,PG,22,0.4,0.4,0.8,0.6,0,0,0,0,2,BOS,5,3.4,-1.77,-0.3,-2.07,1.38,3
325,Udonis Haslem,C,36,0.5,1.8,2.3,0.4,0.4,0.1,0.5,1.4,1.9,MIA,16,8.1,-2.79,0.73,-2.06,4,1
326,Marshall Plumlee,C,24,1.1,1.3,2.4,0.5,0.2,0.2,0.6,1.1,1.9,NY,21,8.1,-1.75,0.65,-1.1,1.31,1
327,Lamar Patterson,SG,25,0.2,1.2,1.4,1.2,0.2,0,0.8,1.2,1.8,ATL,5,8,-2.23,0.62,-1.61,0.25,5
328,Cole Aldrich,C,28,0.8,1.7,2.5,0.4,0.4,0.4,0.3,1.4,1.7,MIN,62,8.6,-1.82,1.83,0.01,7.64,1
329,Nick Collison,PF,36,0.5,1.1,1.6,0.6,0.1,0.1,0.2,0.9,1.7,OKC,20,6.4,-2.18,1.12,-1.06,3.75,2
330,Jordan Hill,C,29,1.1,0.9,2,0,0.1,0,0.6,1.3,1.7,MIN,7,6.7,-2.31,1.16,-1.15,4,1
331,Bruno Caboclo,SF,21,0.6,0.6,1.1,0.4,0.2,0.1,0.2,0.4,1.6,TOR,9,4.4,-1.76,0.11,-1.65,1.59,4
332,Deyonta Davis,C,20,0.6,1.1,1.7,0.1,0.1,0.5,0.2,1.1,1.6,MEM,36,6.6,-2.88,-0.24,-3.12,1.37,1
333,Deyonta Davis,C,20,0.6,1.1,1.7,0.1,0.1,0.5,0.2,1.1,1.6,MEM,36,6.6,-2.88,-0.24,-3.12,1.31,1
334,Ryan Kelly,PF,25,0.1,1.1,1.1,0.5,0.3,0.3,0.3,0.3,1.6,ATL,16,6.9,-1.94,1.45,-0.49,1.58,2
335,Jordan Mickey,PF,22,0.5,0.8,1.4,0.3,0.1,0.2,0.4,0.5,1.5,BOS,25,5.6,-2.62,-0.15,-2.77,1.47,2
336,Mike Miller,SF,36,0.1,1.8,1.9,1.1,0.1,0,0.7,0.5,1.4,DEN,20,7.6,-1.93,0.35,-1.58,3.5,4
337,Diamond Stone,C,19,0.1,0.7,0.9,0,0,0.1,0.3,0.7,1.4,LAC,7,3.4,-2.77,0.49,-2.28,1.31,1
338,Brice Johnson,PF,22,0.3,0.7,1,0.3,0.7,0.3,0.3,0,1.3,LAC,3,3,-2.32,1.08,-1.24,1.33,2
339,Mike Tobey,C,22,1,0.5,1.5,0.5,0,0,0.5,1,1,CHA,2,12.5,-1.91,0.99,-0.92,0.07,1
340,Alonzo Gee,SF,29,0.3,0.8,1.2,0.5,0.4,0.1,0.3,1.1,0.8,DEN,13,6.8,-2.11,0.43,-1.68,0.06,4
341,John Lucas III,PG,34,0,0,0,0.2,0.4,0,0,0,0.4,MIN,5,2.2,-1.3,-0.61,-1.91,0.98,3
342,Aaron Harrison,SG,22,0,0.6,0.6,0.6,0,0,0,0.4,0.2,CHA,5,3.4,-1.42,-0.32,-1.74,0.87,5
